[
    {
        "message": "Execution Start",
        "messageCode": 1
    },
    {
        "message": "Command To Siri",
        "messageCode": 2
    },
    {
        "message": "Listening From Siri",
        "messageCode": 3
    },
  
    {
        "message": "Taking Siri Snapshot",
        "messageCode": 4
    },
    {
        "message": "Processing Test Case",
        "messageCode": 5
    },
    {
        "message": "Execution Done",
        "messageCode": 6
    },
    {
        "message": "View Report",
        "messageCode": 7
    }
]